{
    "1.0-8-500-10_0": [
        0.14512050593046014, 
        0.14512050593046014, 
        0.14512050593046014, 
        0.12868085556584802, 
        0.08262050593046015, 
        -0.0625, 
        0.14512050593046014, 
        0.08262050593046015
    ], 
    "1.0-8-500-10_1": [
        0.22774101186092027, 
        -0.0625, 
        0.14512050593046014, 
        -0.04237949406953986, 
        -0.05299980665968437, 
        -0.0625, 
        0.0, 
        0.1027410118609203
    ], 
    "1.0-8-500-10_2": [
        0.12868085556584805, 
        0.0, 
        -0.030339176698140107, 
        0.14512050593046014, 
        0.0, 
        0.11478132923232003, 
        -0.0625, 
        0.1027410118609203
    ], 
    "1.0-8-500-10_3": [
        -0.030339176698140107, 
        0.0, 
        -0.05299980665968437, 
        -0.0625, 
        0.12868085556584802, 
        0.10274101186092027, 
        0.10274101186092027, 
        0.2902410118609203
    ], 
    "1.0-8-500-10_4": [
        0.0, 
        -0.0625, 
        -0.030339176698140107, 
        0.14512050593046014, 
        0.0, 
        0.09212069927077576, 
        0.08262050593046015, 
        -0.0625
    ], 
    "1.0-8-500-10_5": [
        0.10274101186092027, 
        0.0, 
        0.10274101186092027, 
        0.11478132923232003, 
        -0.05299980665968437, 
        -0.0625, 
        0.0, 
        0.0
    ], 
    "1.0-8-500-10_6": [
        0.10274101186092027, 
        -0.030339176698140107, 
        0.14512050593046014, 
        0.0, 
        0.0, 
        0.14512050593046014, 
        0.2902410118609203, 
        0.0
    ], 
    "1.0-8-500-10_7": [
        0.0, 
        -0.01643965036461211, 
        0.04606034963538789, 
        0.04606034963538789, 
        -0.0625, 
        0.0, 
        0.04606034963538789, 
        -0.01643965036461211
    ], 
    "1.0-8-500-10_8": [
        -0.0625, 
        0.0, 
        0.09212069927077576, 
        0.040241011860920294, 
        -0.0625, 
        0.14512050593046014, 
        0.06618085556584803, 
        0.22774101186092027
    ], 
    "1.0-8-500-10_9": [
        0.09212069927077576, 
        0.14512050593046014, 
        0.0, 
        0.0, 
        0.0, 
        0.09212069927077576, 
        0.10274101186092027, 
        0.020120505930460147
    ], 
    "1.5-8-500-10_0": [
        0.0, 
        0.09212069927077578, 
        -0.0625, 
        0.0, 
        0.125, 
        0.0, 
        0.125, 
        0.10274101186092027
    ], 
    "1.5-8-500-10_1": [
        -0.030339176698140107, 
        0.0, 
        0.020120505930460147, 
        -0.0625, 
        0.41524101186092033, 
        -0.0625, 
        0.09212069927077578, 
        0.14512050593046014
    ], 
    "1.5-8-500-10_2": [
        -0.04237949406953986, 
        0.41524101186092033, 
        0.040241011860920294, 
        0.0, 
        0.0, 
        0.0, 
        0.41524101186092033, 
        0.0
    ], 
    "1.5-8-500-10_3": [
        0.019000386680631257, 
        0.08262050593046015, 
        0.0, 
        0.41524101186092033, 
        -0.030339176698140107, 
        0.0, 
        0.14512050593046014, 
        0.1652410118609203
    ], 
    "1.5-8-500-10_4": [
        0.0, 
        -0.0625, 
        -0.0625, 
        0.019000386680631257, 
        0.0, 
        0.020120505930460147, 
        0.10274101186092027, 
        0.2902410118609203
    ], 
    "1.5-8-500-10_5": [
        0.14512050593046014, 
        0.2171206992707758, 
        0.0, 
        0.06432164660371978, 
        0.0, 
        0.06618085556584805, 
        0.0, 
        0.2902410118609203
    ], 
    "1.5-8-500-10_6": [
        -0.04237949406953986, 
        0.0, 
        0.41524101186092033, 
        0.0, 
        0.12868085556584802, 
        0.019000386680631257, 
        0.08262050593046015, 
        0.0
    ], 
    "1.5-8-500-10_7": [
        0.12868085556584805, 
        0.019000386680631257, 
        0.0, 
        -0.030339176698140107, 
        0.14512050593046014, 
        -0.04237949406953986, 
        0.0, 
        0.019000386680631257
    ], 
    "1.5-8-500-10_8": [
        0.040241011860920294, 
        -0.05299980665968437, 
        -0.04237949406953986, 
        0.0, 
        0.2902410118609203, 
        0.14512050593046014, 
        0.0, 
        0.06432164660371978
    ], 
    "1.5-8-500-10_9": [
        0.0, 
        0.41524101186092033, 
        0.0, 
        0.0, 
        -0.0625, 
        0.0, 
        0.41524101186092033, 
        0.019000386680631257
    ], 
    "2.0-6-500-10_0": [
        0.0, 
        0.3869880158145604, 
        0.0, 
        0.0, 
        0.0, 
        0.0
    ], 
    "2.0-6-500-10_1": [
        0.0, 
        0.05365468248122706, 
        0.0, 
        0.0, 
        0.3869880158145604, 
        0.0
    ], 
    "2.0-6-500-10_2": [
        0.0, 
        0.12282759902770103, 
        0.0, 
        0.0, 
        0.3869880158145604, 
        0.025333848907508342
    ], 
    "2.0-6-500-10_3": [
        0.3869880158145604, 
        0.0, 
        0.0, 
        0.5536546824812271, 
        0.0, 
        0.12282759902770103
    ], 
    "2.0-6-500-10_4": [
        0.0, 
        0.5536546824812271, 
        0.0, 
        0.0, 
        0.3869880158145604, 
        0.0
    ], 
    "2.0-6-500-10_5": [
        0.3869880158145604, 
        0.0, 
        0.0, 
        0.05365468248122706, 
        0.0, 
        0.5536546824812271
    ], 
    "2.0-6-500-10_6": [
        0.0, 
        0.5536546824812271, 
        0.05365468248122706, 
        0.0, 
        0.5536546824812271, 
        0.0
    ], 
    "2.0-6-500-10_7": [
        0.025333848907508342, 
        0.0, 
        0.0, 
        0.2894942656943677, 
        0.0, 
        0.0
    ], 
    "2.0-6-500-10_8": [
        0.0, 
        0.0, 
        0.0, 
        0.0, 
        0.16666666666666666, 
        0.5536546824812271
    ], 
    "2.0-6-500-10_9": [
        0.0, 
        0.0, 
        0.05365468248122706, 
        0.0, 
        0.0, 
        0.0
    ], 
    "2.0-7-500-10_0": [
        0.47456115641248037, 
        0.0, 
        0.0, 
        0.0, 
        0.0, 
        0.0, 
        0.47456115641248037
    ], 
    "2.0-7-500-10_1": [
        0.0, 
        0.47456115641248037, 
        0.0, 
        0.0, 
        0.0, 
        0.045989727841051764, 
        0.24813794202374376
    ], 
    "2.0-7-500-10_2": [
        0.0, 
        0.0, 
        0.0, 
        0.0, 
        0.0, 
        0.14285714285714285, 
        0.24813794202374376
    ], 
    "2.0-7-500-10_3": [
        0.0, 
        0.47456115641248037, 
        0.0, 
        0.33170401355533746, 
        0.47456115641248037, 
        0.0, 
        0.47456115641248037
    ], 
    "2.0-7-500-10_4": [
        0.0, 
        0.1052807991666009, 
        0.0, 
        0.0, 
        0.33170401355533746, 
        0.0, 
        0.0
    ], 
    "2.0-7-500-10_5": [
        0.47456115641248037, 
        0.0, 
        0.24813794202374376, 
        0.47456115641248037, 
        0.47456115641248037, 
        0.0, 
        0.18884687069819464
    ], 
    "2.0-7-500-10_6": [
        0.0, 
        0.0, 
        0.0, 
        0.18884687069819464, 
        0.02171472763500715, 
        0.0, 
        0.0
    ], 
    "2.0-7-500-10_7": [
        0.33170401355533746, 
        0.0, 
        0.0, 
        0.0, 
        0.0, 
        0.1052807991666009, 
        0.47456115641248037
    ], 
    "2.0-7-500-10_8": [
        0.0, 
        0.0, 
        0.0, 
        0.0, 
        0.0, 
        0.0, 
        0.0
    ], 
    "2.0-7-500-10_9": [
        0.47456115641248037, 
        0.24813794202374376, 
        0.0, 
        0.0, 
        0.47456115641248037, 
        0.0, 
        0.0
    ], 
    "2.0-8-500-10_0": [
        0.0, 
        0.41524101186092033, 
        0.06432164660371978, 
        0.0, 
        0.0, 
        0.0, 
        0.41524101186092033, 
        0.41524101186092033
    ],