{
    "1.0-8-500-10_0": [
        1.160964047443681, 
        1.160964047443681, 
        1.160964047443681, 
        1.0294468445267841, 
        0.6609640474436812, 
        -0.5, 
        1.160964047443681, 
        0.6609640474436812
    ], 
    "1.0-8-500-10_1": [
        1.8219280948873622, 
        -0.5, 
        1.160964047443681, 
        -0.33903595255631885, 
        -0.423998453277475, 
        -0.5, 
        0.0, 
        0.8219280948873624
    ], 
    "1.0-8-500-10_2": [
        1.0294468445267844, 
        0.0, 
        -0.24271341358512086, 
        1.160964047443681, 
        0.0, 
        0.9182506338585602, 
        -0.5, 
        0.8219280948873624
    ], 
    "1.0-8-500-10_3": [
        -0.24271341358512086, 
        0.0, 
        -0.423998453277475, 
        -0.5, 
        1.0294468445267841, 
        0.8219280948873622, 
        0.8219280948873622, 
        2.321928094887362
    ], 
    "1.0-8-500-10_4": [
        0.0, 
        -0.5, 
        -0.24271341358512086, 
        1.160964047443681, 
        0.0, 
        0.7369655941662061, 
        0.6609640474436812, 
        -0.5
    ], 
    "1.0-8-500-10_5": [
        0.8219280948873622, 
        0.0, 
        0.8219280948873622, 
        0.9182506338585602, 
        -0.423998453277475, 
        -0.5, 
        0.0, 
        0.0
    ], 
    "1.0-8-500-10_6": [
        0.8219280948873622, 
        -0.24271341358512086, 
        1.160964047443681, 
        0.0, 
        0.0, 
        1.160964047443681, 
        2.321928094887362, 
        0.0
    ], 
    "1.0-8-500-10_7": [
        0.0, 
        -0.1315172029168969, 
        0.3684827970831031, 
        0.3684827970831031, 
        -0.5, 
        0.0, 
        0.3684827970831031, 
        -0.1315172029168969
    ], 
    "1.0-8-500-10_8": [
        -0.5, 
        0.0, 
        0.7369655941662061, 
        0.32192809488736235, 
        -0.5, 
        1.160964047443681, 
        0.5294468445267843, 
        1.8219280948873622
    ], 
    "1.0-8-500-10_9": [
        0.7369655941662061, 
        1.160964047443681, 
        0.0, 
        0.0, 
        0.0, 
        0.7369655941662061, 
        0.8219280948873622, 
        0.16096404744368117
    ], 
    "1.5-8-500-10_0": [
        0.0, 
        0.7369655941662062, 
        -0.5, 
        0.0, 
        1.0, 
        0.0, 
        1.0, 
        0.8219280948873622
    ], 
    "1.5-8-500-10_1": [
        -0.24271341358512086, 
        0.0, 
        0.16096404744368117, 
        -0.5, 
        3.3219280948873626, 
        -0.5, 
        0.7369655941662062, 
        1.160964047443681
    ], 
    "1.5-8-500-10_2": [
        -0.33903595255631885, 
        3.3219280948873626, 
        0.32192809488736235, 
        0.0, 
        0.0, 
        0.0, 
        3.3219280948873626, 
        0.0
    ], 
    "1.5-8-500-10_3": [
        0.15200309344505006, 
        0.6609640474436812, 
        0.0, 
        3.3219280948873626, 
        -0.24271341358512086, 
        0.0, 
        1.160964047443681, 
        1.3219280948873624
    ], 
    "1.5-8-500-10_4": [
        0.0, 
        -0.5, 
        -0.5, 
        0.15200309344505006, 
        0.0, 
        0.16096404744368117, 
        0.8219280948873622, 
        2.321928094887362
    ], 
    "1.5-8-500-10_5": [
        1.160964047443681, 
        1.7369655941662063, 
        0.0, 
        0.5145731728297582, 
        0.0, 
        0.5294468445267844, 
        0.0, 
        2.321928094887362
    ], 
    "1.5-8-500-10_6": [
        -0.33903595255631885, 
        0.0, 
        3.3219280948873626, 
        0.0, 
        1.0294468445267841, 
        0.15200309344505006, 
        0.6609640474436812, 
        0.0
    ], 
    "1.5-8-500-10_7": [
        1.0294468445267844, 
        0.15200309344505006, 
        0.0, 
        -0.24271341358512086, 
        1.160964047443681, 
        -0.33903595255631885, 
        0.0, 
        0.15200309344505006
    ], 
    "1.5-8-500-10_8": [
        0.32192809488736235, 
        -0.423998453277475, 
        -0.33903595255631885, 
        0.0, 
        2.321928094887362, 
        1.160964047443681, 
        0.0, 
        0.5145731728297582
    ], 
    "1.5-8-500-10_9": [
        0.0, 
        3.3219280948873626, 
        0.0, 
        0.0, 
        -0.5, 
        0.0, 
        3.3219280948873626, 
        0.15200309344505006
    ], 
    "2.0-6-500-10_0": [
        0.0, 
        2.321928094887362, 
        0.0, 
        0.0, 
        0.0, 
        0.0
    ], 
    "2.0-6-500-10_1": [
        0.0, 
        0.32192809488736235, 
        0.0, 
        0.0, 
        2.321928094887362, 
        0.0
    ], 
    "2.0-6-500-10_2": [
        0.0, 
        0.7369655941662062, 
        0.0, 
        0.0, 
        2.321928094887362, 
        0.15200309344505006
    ], 
    "2.0-6-500-10_3": [
        2.321928094887362, 
        0.0, 
        0.0, 
        3.3219280948873626, 
        0.0, 
        0.7369655941662062
    ], 
    "2.0-6-500-10_4": [
        0.0, 
        3.3219280948873626, 
        0.0, 
        0.0, 
        2.321928094887362, 
        0.0
    ], 
    "2.0-6-500-10_5": [
        2.321928094887362, 
        0.0, 
        0.0, 
        0.32192809488736235, 
        0.0, 
        3.3219280948873626
    ], 
    "2.0-6-500-10_6": [
        0.0, 
        3.3219280948873626, 
        0.32192809488736235, 
        0.0, 
        3.3219280948873626, 
        0.0
    ], 
    "2.0-6-500-10_7": [
        0.15200309344505006, 
        0.0, 
        0.0, 
        1.7369655941662063, 
        0.0, 
        0.0
    ], 
    "2.0-6-500-10_8": [
        0.0, 
        0.0, 
        0.0, 
        0.0, 
        1.0, 
        3.3219280948873626
    ], 
    "2.0-6-500-10_9": [
        0.0, 
        0.0, 
        0.32192809488736235, 
        0.0, 
        0.0, 
        0.0
    ], 
    "2.0-7-500-10_0": [
        3.3219280948873626, 
        0.0, 
        0.0, 
        0.0, 
        0.0, 
        0.0, 
        3.3219280948873626
    ], 
    "2.0-7-500-10_1": [
        0.0, 
        3.3219280948873626, 
        0.0, 
        0.0, 
        0.0, 
        0.32192809488736235, 
        1.7369655941662063
    ], 
    "2.0-7-500-10_2": [
        0.0, 
        0.0, 
        0.0, 
        0.0, 
        0.0, 
        1.0, 
        1.7369655941662063
    ], 
    "2.0-7-500-10_3": [
        0.0, 
        3.3219280948873626, 
        0.0, 
        2.321928094887362, 
        3.3219280948873626, 
        0.0, 
        3.3219280948873626
    ], 
    "2.0-7-500-10_4": [
        0.0, 
        0.7369655941662062, 
        0.0, 
        0.0, 
        2.321928094887362, 
        0.0, 
        0.0
    ], 
    "2.0-7-500-10_5": [
        3.3219280948873626, 
        0.0, 
        1.7369655941662063, 
        3.3219280948873626, 
        3.3219280948873626, 
        0.0, 
        1.3219280948873624
    ], 
    "2.0-7-500-10_6": [
        0.0, 
        0.0, 
        0.0, 
        1.3219280948873624, 
        0.15200309344505006, 
        0.0, 
        0.0
    ], 
    "2.0-7-500-10_7": [
        2.321928094887362, 
        0.0, 
        0.0, 
        0.0, 
        0.0, 
        0.7369655941662062, 
        3.3219280948873626
    ], 
    "2.0-7-500-10_8": [
        0.0, 
        0.0, 
        0.0, 
        0.0, 
        0.0, 
        0.0, 
        0.0
    ], 
    "2.0-7-500-10_9": [
        3.3219280948873626, 
        1.7369655941662063, 
        0.0, 
        0.0, 
        3.3219280948873626, 
        0.0, 
        0.0
    ], 
    "2.0-8-500-10_0": [
        0.0, 
        3.3219280948873626, 
        0.5145731728297582, 
        0.0, 
        0.0, 
        0.0, 
        3.3219280948873626, 
        3.3219280948873626
    ], 
    "2.0-8-500-10_1": [
        0.32192809488736235, 
        0.0, 
        0.0, 
        1.3219280948873624, 
        0.0, 
        0.0, 
        1.7369655941662063, 
        3.3219280948873626
    ],