{
    "1.0-8-500-10_0": 1.49059200287, 
    "1.0-8-500-10_1": 1.49393486977, 
    "1.0-8-500-10_2": 1.57423305511, 
    "1.0-8-500-10_3": 1.51258897781, 
    "1.0-8-500-10_4": 1.5347430706, 
    "1.0-8-500-10_5": 1.57538485527, 
    "1.0-8-500-10_6": 1.54214906693, 
    "1.0-8-500-10_7": 1.46521711349, 
    "1.0-8-500-10_8": 1.48675107956, 
    "1.0-8-500-10_9": 1.46827602386, 
    "1.5-8-500-10_0": 1.39813899994, 
    "1.5-8-500-10_1": 1.56765794754, 
    "1.5-8-500-10_2": 1.51984405518, 
    "1.5-8-500-10_3": 1.59485793114, 
    "1.5-8-500-10_4": 1.55276703835, 
    "1.5-8-500-10_5": 1.57702493668, 
    "1.5-8-500-10_6": 1.65468621254, 
    "1.5-8-500-10_7": 1.58039689064, 
    "1.5-8-500-10_8": 1.54382681847, 
    "1.5-8-500-10_9": 1.44849705696, 
    "2.0-6-500-10_0": 1.25847101212, 
    "2.0-6-500-10_1": 1.26364612579, 
    "2.0-6-500-10_2": 1.16189098358, 
    "2.0-6-500-10_3": 1.24129295349, 
    "2.0-6-500-10_4": 1.27557086945, 
    "2.0-6-500-10_5": 1.24058008194, 
    "2.0-6-500-10_6": 1.23518109322, 
    "2.0-6-500-10_7": 1.33033418655, 
    "2.0-6-500-10_8": 1.25293111801, 
    "2.0-6-500-10_9": 1.3515048027, 
    "2.0-7-500-10_0": 1.39499306679, 
    "2.0-7-500-10_1": 1.35221195221, 
    "2.0-7-500-10_2": 1.39204788208, 
    "2.0-7-500-10_3": 1.44986319542, 
    "2.0-7-500-10_4": 1.38931918144, 
    "2.0-7-500-10_5": 1.53502607346, 
    "2.0-7-500-10_6": 1.37570309639, 
    "2.0-7-500-10_7": 1.56776595116, 
    "2.0-7-500-10_8": 1.41446995735, 
    "2.0-7-500-10_9": 1.54174494743, 
    "2.0-8-500-10_0": 1.5084168911, 
    "2.0-8-500-10_1": 1.50221896172, 
    "2.0-8-500-10_2": 1.55209517479, 
    "2.0-8-500-10_3": 1.56403708458, 
    "2.0-8-500-10_4": 1.56728100777, 
    "2.0-8-500-10_5": 1.50016880035, 
    "2.0-8-500-10_6": 1.54624009132, 
    "2.0-8-500-10_7": 1.50298094749, 
    "2.0-8-500-10_8": 1.58623099327, 
    "2.0-8-500-10_9": 1.48883295059, 
    "2.0-8-500-20_0": 1.60499691963, 
    "2.0-8-500-20_1": 1.61591601372, 
    "2.0-8-500-20_2": 1.52002096176, 
    "2.0-8-500-20_3": 1.68591690063, 
    "2.0-8-500-20_4": 1.53335618973, 
    "2.0-8-500-20_5": 1.46564698219, 
    "2.0-8-500-20_6": 1.73332810402, 
    "2.0-8-500-20_7": 1.55870604515, 
    "2.0-8-500-20_8": 1.64352488518, 
    "2.0-8-500-20_9": 1.62297296524, 
    "2.0-8-500-5_0": 1.57541894913, 
    "2.0-8-500-5_1": 1.53563094139, 
    "2.0-8-500-5_2": 1.52199602127, 
    "2.0-8-500-5_3": 1.59039998055, 
    "2.0-8-500-5_4": 1.48987388611, 
    "2.0-8-500-5_5": 1.43938612938, 
    "2.0-8-500-5_6": 1.43590497971, 
    "2.0-8-500-5_7": 1.43299007416, 
    "2.0-8-500-5_8": 1.39804601669, 
    "2.0-8-500-5_9": 1.52862596512
}